{
  "num_rows": 50,
  "gqe_fidelity": {
    "mean": 0.9999391615390778,
    "median": 1.0,
    "min": 0.9971217513084412
  },
  "qiskit_fidelity": {
    "mean": 1.0,
    "median": 1.0,
    "min": 0.9999999999999996
  },
  "thresholds": {
    "0p99": {
      "threshold": 0.99,
      "success_count": 50,
      "success_rate": 1.0,
      "success_rate_ci95": [
        0.9286524008666414,
        1.0
      ],
      "paired_count": 50,
      "median_cnot_delta_gqe_minus_qiskit": 0.0,
      "median_cnot_delta_ci95": [
        -1.0,
        0.0
      ],
      "wilcoxon_cnot_delta_pvalue": 1.62001398246647e-06,
      "median_depth_delta_gqe_minus_qiskit": -4.0,
      "median_depth_delta_ci95": [
        -4.0,
        -3.0
      ],
      "wilcoxon_depth_delta_pvalue": 1.8151328672934982e-09,
      "fraction_cnot_no_worse_than_qiskit": 1.0,
      "fraction_depth_no_worse_than_qiskit": 1.0
    },
    "0p999": {
      "threshold": 0.999,
      "success_count": 49,
      "success_rate": 0.98,
      "success_rate_ci95": [
        0.8950455641036219,
        0.9964607407283539
      ],
      "paired_count": 49,
      "median_cnot_delta_gqe_minus_qiskit": 0.0,
      "median_cnot_delta_ci95": [
        0.0,
        0.0
      ],
      "wilcoxon_cnot_delta_pvalue": 0.011412036386001651,
      "median_depth_delta_gqe_minus_qiskit": -2.0,
      "median_depth_delta_ci95": [
        -3.0,
        -2.0
      ],
      "wilcoxon_depth_delta_pvalue": 2.226138171534042e-08,
      "fraction_cnot_no_worse_than_qiskit": 0.9795918367346939,
      "fraction_depth_no_worse_than_qiskit": 0.9387755102040817
    },
    "0p9999": {
      "threshold": 0.9999,
      "success_count": 49,
      "success_rate": 0.98,
      "success_rate_ci95": [
        0.8950455641036219,
        0.9964607407283539
      ],
      "paired_count": 49,
      "median_cnot_delta_gqe_minus_qiskit": 0.0,
      "median_cnot_delta_ci95": [
        0.0,
        0.0
      ],
      "wilcoxon_cnot_delta_pvalue": 0.31731050786291415,
      "median_depth_delta_gqe_minus_qiskit": -1.0,
      "median_depth_delta_ci95": [
        -2.0,
        -1.0
      ],
      "wilcoxon_depth_delta_pvalue": 1.36753284932814e-06,
      "fraction_cnot_no_worse_than_qiskit": 0.9387755102040817,
      "fraction_depth_no_worse_than_qiskit": 0.8979591836734694
    }
  }
}